,id,intent,instructions,x_combi,y_combi,x_versa,y_versa,z_versa,flag,flow_rate,relative_rates,purge_time,pH_initial,pH_final,pH_avg,pH_med,T_initial,T_avg,E_oc_initial,E_oc_stable,E_oc_stable_std,polarization_resistance,polarization_std,lpr_r2,lpr_r2_std,lpr_E_oc,lpr_E_oc_std,tafel_E_oc,i_corr
0,1,corrosion,"[{""op"": ""set_flow"", ""pH"": 10, ""flow_rate"": 1.25, ""relative_rates"": {""KOH"": 1, ""K2SO4"": 0}, ""purge_time"": 90}, {""op"": ""open_circuit"", ""duration"": 1800, ""stabilization_range"": 0.01, ""stabilization_window"": 90, ""minimum_duration"": 300}, {""op"": ""lpr"", ""initial_potential"": -0.012, ""final_potential"": 0.012, ""step_height"": 0.0001, ""step_time"": 0.8, ""current_range"": ""20UA""}, {""op"": ""lpr"", ""initial_potential"": -0.012, ""final_potential"": 0.012, ""step_height"": 0.0001, ""step_time"": 0.8, ""current_range"": ""20UA""}, {""op"": ""lpr"", ""initial_potential"": -0.012, ""final_potential"": 0.012, ""step_height"": 0.0001, ""step_time"": 0.8, ""current_range"": ""20UA""}, {""op"": ""tafel"", ""initial_potential"": -0.25, ""final_potential"": 0.25, ""step_height"": 0.005, ""step_time"": 1, ""current_range"": ""200UA""}, {""op"": ""cv"", ""initial_potential"": -1.3, ""vertex_potential_1"": 0.0, ""vertex_potential_2"": -1.3, ""final_potential"": 0.0, ""scan_rate"": 0.075, ""cycles"": 2, ""current_range"": ""2MA""}]",0.0,30.0,0.021444446563720704,0.06795749664306641,0.010232207298278808,False,1.25,"{'KOH': 1, 'K2SO4': 0}",90,11.2,11.01,11.043900709219855,11.04,25.0,25.0,-0.6443899869918823,-0.6140873700380325,0.002268278317143424,-4548.135646238452,9490.684143509676,0.9927568378173537,0.0015337003756447642,-0.5954748047829077,0.034865112396936626,-0.5653009331277771,3.2419549484963284e-06
1,2,corrosion,"[{""op"": ""set_flow"", ""pH"": 10, ""flow_rate"": 1.25, ""relative_rates"": {""KOH"": 0.3, ""K2SO4"": 0.7}, ""purge_time"": 90}, {""op"": ""open_circuit"", ""duration"": 1800, ""stabilization_range"": 0.01, ""stabilization_window"": 90, ""minimum_duration"": 300}, {""op"": ""lpr"", ""initial_potential"": -0.012, ""final_potential"": 0.012, ""step_height"": 0.0001, ""step_time"": 0.8, ""current_range"": ""20UA""}, {""op"": ""lpr"", ""initial_potential"": -0.012, ""final_potential"": 0.012, ""step_height"": 0.0001, ""step_time"": 0.8, ""current_range"": ""20UA""}, {""op"": ""lpr"", ""initial_potential"": -0.012, ""final_potential"": 0.012, ""step_height"": 0.0001, ""step_time"": 0.8, ""current_range"": ""20UA""}, {""op"": ""tafel"", ""initial_potential"": -0.25, ""final_potential"": 0.25, ""step_height"": 0.005, ""step_time"": 1, ""current_range"": ""200UA""}, {""op"": ""cv"", ""initial_potential"": -1.3, ""vertex_potential_1"": 0.0, ""vertex_potential_2"": -1.3, ""final_potential"": 0.0, ""scan_rate"": 0.075, ""cycles"": 2, ""current_range"": ""2MA""}]",0.0,40.0,0.011443996429443359,0.06795709228515626,0.01033200740814209,False,1.25,"{'KOH': 0.3, 'K2SO4': 0.7}",90,10.7,10.4,10.645927601809957,10.64,25.0,25.0,-0.5916364789009094,-0.6130292415618896,0.0007303845350870175,5191.25219888234,175.77725274671678,0.9797575663751976,0.0065965591754142275,-0.6228607279718945,0.005061651510472306,-0.6525446688420674,7.164492182187843e-06
2,3,corrosion,"[{""op"": ""set_flow"", ""pH"": 10, ""flow_rate"": 1.25, ""relative_rates"": {""KOH"": 0.1, ""K2SO4"": 0.9}, ""purge_time"": 90}, {""op"": ""open_circuit"", ""duration"": 1800, ""stabilization_range"": 0.01, ""stabilization_window"": 90, ""minimum_duration"": 300}, {""op"": ""lpr"", ""initial_potential"": -0.012, ""final_potential"": 0.012, ""step_height"": 0.0001, ""step_time"": 0.8, ""current_range"": ""20UA""}, {""op"": ""lpr"", ""initial_potential"": -0.012, ""final_potential"": 0.012, ""step_height"": 0.0001, ""step_time"": 0.8, ""current_range"": ""20UA""}, {""op"": ""lpr"", ""initial_potential"": -0.012, ""final_potential"": 0.012, ""step_height"": 0.0001, ""step_time"": 0.8, ""current_range"": ""20UA""}, {""op"": ""tafel"", ""initial_potential"": -0.25, ""final_potential"": 0.25, ""step_height"": 0.005, ""step_time"": 1, ""current_range"": ""200UA""}, {""op"": ""cv"", ""initial_potential"": -1.3, ""vertex_potential_1"": 0.0, ""vertex_potential_2"": -1.3, ""final_potential"": 0.0, ""scan_rate"": 0.075, ""cycles"": 2, ""current_range"": ""2MA""}]",10.0,0.0,0.05144429397583008,0.05795849609375,0.010032107353210449,False,1.25,"{'KOH': 0.1, 'K2SO4': 0.9}",90,7.33,7.35,7.3807272727272455,7.37,25.0,25.0,-0.6011443734169006,-0.6149921596050263,0.00034863196722987553,9226.481536114352,405.56865137483,0.9813778872529132,0.009768105663038845,-0.618490936710404,0.0007592245229857358,-0.6491862142906197,5.2002077011170655e-06
3,4,corrosion,"[{""op"": ""set_flow"", ""pH"": 10, ""flow_rate"": 1.25, ""relative_rates"": {""KOH"": 0.03, ""K2SO4"": 0.97}, ""purge_time"": 90}, {""op"": ""open_circuit"", ""duration"": 1800, ""stabilization_range"": 0.01, ""stabilization_window"": 90, ""minimum_duration"": 300}, {""op"": ""lpr"", ""initial_potential"": -0.012, ""final_potential"": 0.012, ""step_height"": 0.0001, ""step_time"": 0.8, ""current_range"": ""20UA""}, {""op"": ""lpr"", ""initial_potential"": -0.012, ""final_potential"": 0.012, ""step_height"": 0.0001, ""step_time"": 0.8, ""current_range"": ""20UA""}, {""op"": ""lpr"", ""initial_potential"": -0.012, ""final_potential"": 0.012, ""step_height"": 0.0001, ""step_time"": 0.8, ""current_range"": ""20UA""}, {""op"": ""tafel"", ""initial_potential"": -0.25, ""final_potential"": 0.25, ""step_height"": 0.005, ""step_time"": 1, ""current_range"": ""200UA""}, {""op"": ""cv"", ""initial_potential"": -1.3, ""vertex_potential_1"": 0.0, ""vertex_potential_2"": -1.3, ""final_potential"": 0.0, ""scan_rate"": 0.075, ""cycles"": 2, ""current_range"": ""2MA""}]",10.0,-10.0,0.06144429397583008,0.05795754623413086,0.010032307624816895,False,1.25,"{'KOH': 0.03, 'K2SO4': 0.97}",90,6.69,7.51,6.884363636363646,6.87,25.0,25.0,-0.6262943148612976,-0.6354648053646088,0.0008078010410672807,5623.4598094805,515.6184023550967,0.970538951942079,0.00806348034319176,-0.6388437403026395,0.0017534254736313237,-0.6565956372900288,6.251610497054472e-06
4,5,corrosion,"[{""op"": ""set_flow"", ""pH"": 10, ""flow_rate"": 1.25, ""relative_rates"": {""KOH"": 0.01, ""K2SO4"": 0.99}, ""purge_time"": 90}, {""op"": ""open_circuit"", ""duration"": 1800, ""stabilization_range"": 0.01, ""stabilization_window"": 90, ""minimum_duration"": 300}, {""op"": ""lpr"", ""initial_potential"": -0.012, ""final_potential"": 0.012, ""step_height"": 0.0001, ""step_time"": 0.8, ""current_range"": ""20UA""}, {""op"": ""lpr"", ""initial_potential"": -0.012, ""final_potential"": 0.012, ""step_height"": 0.0001, ""step_time"": 0.8, ""current_range"": ""20UA""}, {""op"": ""lpr"", ""initial_potential"": -0.012, ""final_potential"": 0.012, ""step_height"": 0.0001, ""step_time"": 0.8, ""current_range"": ""20UA""}, {""op"": ""tafel"", ""initial_potential"": -0.25, ""final_potential"": 0.25, ""step_height"": 0.005, ""step_time"": 1, ""current_range"": ""200UA""}, {""op"": ""cv"", ""initial_potential"": -1.3, ""vertex_potential_1"": 0.0, ""vertex_potential_2"": -1.3, ""final_potential"": 0.0, ""scan_rate"": 0.075, ""cycles"": 2, ""current_range"": ""2MA""}]",10.0,-20.0,0.07144448852539062,0.05795794677734375,0.01003225803375244,False,1.25,"{'KOH': 0.01, 'K2SO4': 0.99}",90,6.55,7.56,6.557954545454532,6.52,25.0,25.0,-0.6575783491134644,-0.6421203345060349,0.002633511874909974,4056.999381994375,600.2766284997261,0.9956840126559422,0.000954824687042567,-0.6433599621633636,0.0022587242243677016,-0.6648363310147375,9.086516853828996e-06
5,6,corrosion,"[{""op"": ""set_flow"", ""pH"": 10, ""flow_rate"": 1.25, ""relative_rates"": {""KOH"": 0.1, ""K2SO4"": 0.9}, ""purge_time"": 90}, {""op"": ""open_circuit"", ""duration"": 1800, ""stabilization_range"": 0.01, ""stabilization_window"": 90, ""minimum_duration"": 300}, {""op"": ""lpr"", ""initial_potential"": -0.012, ""final_potential"": 0.012, ""step_height"": 0.0001, ""step_time"": 0.8, ""current_range"": ""20UA""}, {""op"": ""lpr"", ""initial_potential"": -0.012, ""final_potential"": 0.012, ""step_height"": 0.0001, ""step_time"": 0.8, ""current_range"": ""20UA""}, {""op"": ""lpr"", ""initial_potential"": -0.012, ""final_potential"": 0.012, ""step_height"": 0.0001, ""step_time"": 0.8, ""current_range"": ""20UA""}, {""op"": ""tafel"", ""initial_potential"": -0.25, ""final_potential"": 0.25, ""step_height"": 0.005, ""step_time"": 1, ""current_range"": ""200UA""}, {""op"": ""cv"", ""initial_potential"": -1.3, ""vertex_potential_1"": 0.0, ""vertex_potential_2"": -1.3, ""final_potential"": 0.0, ""scan_rate"": 0.075, ""cycles"": 2, ""current_range"": ""2MA""}]",10.0,-30.0,0.08144474029541016,0.05795794677734375,0.010823307991027832,False,1.25,"{'KOH': 0.1, 'K2SO4': 0.9}",90,10.07,9.98,10.00695454545454,10.02,25.0,25.0,-0.6759807467460632,-0.6771768808364869,0.0010431780462987717,3676.5172014500467,1126.548702911027,0.9747002555091369,0.002027467566944774,-0.6816811822294295,0.001505340450396686,-0.7069336746928616,1.9348726546519757e-05
6,7,corrosion,"[{""op"": ""set_flow"", ""pH"": 10, ""flow_rate"": 1.25, ""relative_rates"": {""KOH"": 0.003, ""K2SO4"": 0.997}, ""purge_time"": 90}, {""op"": ""open_circuit"", ""duration"": 1800, ""stabilization_range"": 0.01, ""stabilization_window"": 90, ""minimum_duration"": 300}, {""op"": ""lpr"", ""initial_potential"": -0.012, ""final_potential"": 0.012, ""step_height"": 0.0001, ""step_time"": 0.8, ""current_range"": ""20UA""}, {""op"": ""lpr"", ""initial_potential"": -0.012, ""final_potential"": 0.012, ""step_height"": 0.0001, ""step_time"": 0.8, ""current_range"": ""20UA""}, {""op"": ""lpr"", ""initial_potential"": -0.012, ""final_potential"": 0.012, ""step_height"": 0.0001, ""step_time"": 0.8, ""current_range"": ""20UA""}, {""op"": ""tafel"", ""initial_potential"": -0.25, ""final_potential"": 0.25, ""step_height"": 0.005, ""step_time"": 1, ""current_range"": ""200UA""}, {""op"": ""cv"", ""initial_potential"": -1.3, ""vertex_potential_1"": 0.0, ""vertex_potential_2"": -1.3, ""final_potential"": 0.0, ""scan_rate"": 0.075, ""cycles"": 2, ""current_range"": ""2MA""}]",10.0,-40.0,0.0914443359375,0.05795784759521484,0.010823457717895509,False,1.25,"{'KOH': 0.003, 'K2SO4': 0.997}",90,7.67,8.93,8.63812785388128,8.66,25.0,25.0,-0.7094116806983948,-0.7280287861824035,0.0012940056724827728,4656.351183304713,154.53370791219098,0.9733551938873095,0.012102842613706359,-0.7315501500757314,0.0012461470158467353,-0.7455159257606847,8.973076158103055e-06
7,8,corrosion,"[{""op"": ""set_flow"", ""pH"": 10, ""flow_rate"": 1.25, ""relative_rates"": {""K2SO4"": 1.0}, ""purge_time"": 90}, {""op"": ""open_circuit"", ""duration"": 1800, ""stabilization_range"": 0.01, ""stabilization_window"": 90, ""minimum_duration"": 300}, {""op"": ""lpr"", ""initial_potential"": -0.012, ""final_potential"": 0.012, ""step_height"": 0.0001, ""step_time"": 0.8, ""current_range"": ""20UA""}, {""op"": ""lpr"", ""initial_potential"": -0.012, ""final_potential"": 0.012, ""step_height"": 0.0001, ""step_time"": 0.8, ""current_range"": ""20UA""}, {""op"": ""lpr"", ""initial_potential"": -0.012, ""final_potential"": 0.012, ""step_height"": 0.0001, ""step_time"": 0.8, ""current_range"": ""20UA""}, {""op"": ""tafel"", ""initial_potential"": -0.25, ""final_potential"": 0.25, ""step_height"": 0.005, ""step_time"": 1, ""current_range"": ""200UA""}, {""op"": ""cv"", ""initial_potential"": -1.3, ""vertex_potential_1"": 0.0, ""vertex_potential_2"": -1.3, ""final_potential"": 0.0, ""scan_rate"": 0.075, ""cycles"": 2, ""current_range"": ""2MA""}]",20.0,0.0,0.051443992614746095,0.047958248138427736,0.010823457717895509,False,1.25,{'K2SO4': 1.0},90,7.25,8.0,7.718082191780831,7.73,25.0,25.0,-0.6986770033836365,-0.7049644738435745,0.00040420165447629887,5633.228633138785,993.0663320949175,0.9927742058847239,0.00241852906000003,-0.7135631014896492,0.0029965932584724224,-0.718114024026936,9.956418786760679e-06
8,9,corrosion,"[{""op"": ""set_flow"", ""pH"": 10, ""flow_rate"": 1.25, ""relative_rates"": {""H2SO4"": 0.003, ""K2SO4"": 0.997}, ""purge_time"": 90}, {""op"": ""open_circuit"", ""duration"": 1800, ""stabilization_range"": 0.01, ""stabilization_window"": 90, ""minimum_duration"": 300}, {""op"": ""lpr"", ""initial_potential"": -0.012, ""final_potential"": 0.012, ""step_height"": 0.0001, ""step_time"": 0.8, ""current_range"": ""20UA""}, {""op"": ""lpr"", ""initial_potential"": -0.012, ""final_potential"": 0.012, ""step_height"": 0.0001, ""step_time"": 0.8, ""current_range"": ""20UA""}, {""op"": ""lpr"", ""initial_potential"": -0.012, ""final_potential"": 0.012, ""step_height"": 0.0001, ""step_time"": 0.8, ""current_range"": ""20UA""}, {""op"": ""tafel"", ""initial_potential"": -0.25, ""final_potential"": 0.25, ""step_height"": 0.005, ""step_time"": 1, ""current_range"": ""200UA""}, {""op"": ""cv"", ""initial_potential"": -1.3, ""vertex_potential_1"": 0.0, ""vertex_potential_2"": -1.3, ""final_potential"": 0.0, ""scan_rate"": 0.075, ""cycles"": 2, ""current_range"": ""2MA""}]",20.0,-10.0,0.061444244384765624,0.0479578971862793,0.010623407363891602,False,1.25,"{'H2SO4': 0.003, 'K2SO4': 0.997}",90,6.77,8.07,7.224748858447498,7.23,25.0,25.0,-0.7321079969406128,-0.7421679347753525,0.0008933593360229068,5521.506760038599,632.0663460212992,0.9893457243699787,0.0019669580753086478,-0.7434877741874241,0.0020901004039958473,-0.7613009533493433,1.1438110307793181e-05
9,10,corrosion,"[{""op"": ""set_flow"", ""pH"": 10, ""flow_rate"": 1.25, ""relative_rates"": {""H2SO4"": 0.01, ""K2SO4"": 0.99}, ""purge_time"": 90}, {""op"": ""open_circuit"", ""duration"": 1800, ""stabilization_range"": 0.01, ""stabilization_window"": 90, ""minimum_duration"": 300}, {""op"": ""lpr"", ""initial_potential"": -0.012, ""final_potential"": 0.012, ""step_height"": 0.0001, ""step_time"": 0.8, ""current_range"": ""20UA""}, {""op"": ""lpr"", ""initial_potential"": -0.012, ""final_potential"": 0.012, ""step_height"": 0.0001, ""step_time"": 0.8, ""current_range"": ""20UA""}, {""op"": ""lpr"", ""initial_potential"": -0.012, ""final_potential"": 0.012, ""step_height"": 0.0001, ""step_time"": 0.8, ""current_range"": ""20UA""}, {""op"": ""tafel"", ""initial_potential"": -0.25, ""final_potential"": 0.25, ""step_height"": 0.005, ""step_time"": 1, ""current_range"": ""200UA""}, {""op"": ""cv"", ""initial_potential"": -1.3, ""vertex_potential_1"": 0.0, ""vertex_potential_2"": -1.3, ""final_potential"": 0.0, ""scan_rate"": 0.075, ""cycles"": 2, ""current_range"": ""2MA""}]",20.0,-20.0,0.07144464111328125,0.047957698822021486,0.010623707771301269,False,1.25,"{'H2SO4': 0.01, 'K2SO4': 0.99}",90,6.35,7.9,6.768858447488565,6.78,25.0,25.0,-0.7664591073989868,-0.7690814197063446,0.001105733146074488,4025.8720765782396,387.10267187066864,0.9896575350129782,0.002705042175365917,-0.7700534827580792,0.00048112174861832525,-0.78709122861093,1.5467022300041933e-05
10,11,corrosion,"[{""op"": ""set_flow"", ""pH"": 10, ""flow_rate"": 1.25, ""relative_rates"": {""H2SO4"": 0.03, ""K2SO4"": 0.97}, ""purge_time"": 90}, {""op"": ""open_circuit"", ""duration"": 1800, ""stabilization_range"": 0.01, ""stabilization_window"": 90, ""minimum_duration"": 300}, {""op"": ""lpr"", ""initial_potential"": -0.012, ""final_potential"": 0.012, ""step_height"": 0.0001, ""step_time"": 0.8, ""current_range"": ""20UA""}, {""op"": ""lpr"", ""initial_potential"": -0.012, ""final_potential"": 0.012, ""step_height"": 0.0001, ""step_time"": 0.8, ""current_range"": ""20UA""}, {""op"": ""lpr"", ""initial_potential"": -0.012, ""final_potential"": 0.012, ""step_height"": 0.0001, ""step_time"": 0.8, ""current_range"": ""20UA""}, {""op"": ""tafel"", ""initial_potential"": -0.25, ""final_potential"": 0.25, ""step_height"": 0.005, ""step_time"": 1, ""current_range"": ""200UA""}, {""op"": ""cv"", ""initial_potential"": -1.3, ""vertex_potential_1"": 0.0, ""vertex_potential_2"": -1.3, ""final_potential"": 0.0, ""scan_rate"": 0.075, ""cycles"": 2, ""current_range"": ""2MA""}]",20.0,-30.0,0.08144468688964844,0.047957347869873046,0.010622608184814452,False,1.25,"{'H2SO4': 0.03, 'K2SO4': 0.97}",90,5.35,6.13,5.607625570776259,5.57,25.0,25.0,-0.5968504548072815,-0.6395133405923843,0.0018799012040609537,2445.914925915485,376.7591098269665,0.9966899548959747,0.0005775440070801226,-0.6357801275840633,0.004726448454056894,-0.6360278814940206,2.964503909641536e-05
11,12,corrosion,"[{""op"": ""set_flow"", ""pH"": 10, ""flow_rate"": 1.25, ""relative_rates"": {""H2SO4"": 0.1, ""K2SO4"": 0.9}, ""purge_time"": 90}, {""op"": ""open_circuit"", ""duration"": 1800, ""stabilization_range"": 0.01, ""stabilization_window"": 90, ""minimum_duration"": 300}, {""op"": ""lpr"", ""initial_potential"": -0.012, ""final_potential"": 0.012, ""step_height"": 0.0001, ""step_time"": 0.8, ""current_range"": ""20UA""}, {""op"": ""lpr"", ""initial_potential"": -0.012, ""final_potential"": 0.012, ""step_height"": 0.0001, ""step_time"": 0.8, ""current_range"": ""20UA""}, {""op"": ""lpr"", ""initial_potential"": -0.012, ""final_potential"": 0.012, ""step_height"": 0.0001, ""step_time"": 0.8, ""current_range"": ""20UA""}, {""op"": ""tafel"", ""initial_potential"": -0.25, ""final_potential"": 0.25, ""step_height"": 0.005, ""step_time"": 1, ""current_range"": ""200UA""}, {""op"": ""cv"", ""initial_potential"": -1.3, ""vertex_potential_1"": 0.0, ""vertex_potential_2"": -1.3, ""final_potential"": 0.0, ""scan_rate"": 0.075, ""cycles"": 2, ""current_range"": ""2MA""}]",20.0,-40.0,0.09144468688964844,0.0479579963684082,0.01062270736694336,False,1.25,"{'H2SO4': 0.1, 'K2SO4': 0.9}",90,4.32,4.54,4.392557077625563,4.39,25.0,25.0,-0.6388692259788513,-0.6306035161018372,0.00221051496518205,4619.3138882452595,1287.7673611077053,0.9932889972010731,0.007151032315281111,-0.631802759518568,0.0026678974081001832,-0.6185342352163142,6.870859837038168e-05
12,13,corrosion,"[{""op"": ""set_flow"", ""pH"": 10, ""flow_rate"": 1.25, ""relative_rates"": {""H2SO4"": 0.3, ""K2SO4"": 0.7}, ""purge_time"": 90}, {""op"": ""open_circuit"", ""duration"": 1800, ""stabilization_range"": 0.01, ""stabilization_window"": 90, ""minimum_duration"": 300}, {""op"": ""lpr"", ""initial_potential"": -0.012, ""final_potential"": 0.012, ""step_height"": 0.0001, ""step_time"": 0.8, ""current_range"": ""20UA""}, {""op"": ""lpr"", ""initial_potential"": -0.012, ""final_potential"": 0.012, ""step_height"": 0.0001, ""step_time"": 0.8, ""current_range"": ""20UA""}, {""op"": ""lpr"", ""initial_potential"": -0.012, ""final_potential"": 0.012, ""step_height"": 0.0001, ""step_time"": 0.8, ""current_range"": ""20UA""}, {""op"": ""tafel"", ""initial_potential"": -0.25, ""final_potential"": 0.25, ""step_height"": 0.005, ""step_time"": 1, ""current_range"": ""200UA""}, {""op"": ""cv"", ""initial_potential"": -1.3, ""vertex_potential_1"": 0.0, ""vertex_potential_2"": -1.3, ""final_potential"": 0.0, ""scan_rate"": 0.075, ""cycles"": 2, ""current_range"": ""2MA""}]",30.0,0.0,0.05144464492797852,0.037957801818847656,0.010622807502746582,False,1.25,"{'H2SO4': 0.3, 'K2SO4': 0.7}",90,3.71,4.01,3.822557077625569,3.83,25.0,25.0,-0.6726069450378418,-0.6836177051067353,0.0023859338587688297,2520.914285424986,487.0151368324585,0.9984688348856984,0.0002609454490618797,-0.6847945357889058,0.00249288279599204,-0.6835829938649632,0.00022656588522629306
13,14,corrosion,"[{""op"": ""set_flow"", ""pH"": 10, ""flow_rate"": 1.25, ""relative_rates"": {""H2SO4"": 1, ""K2SO4"": 0}, ""purge_time"": 90}, {""op"": ""open_circuit"", ""duration"": 1800, ""stabilization_range"": 0.01, ""stabilization_window"": 90, ""minimum_duration"": 300}, {""op"": ""lpr"", ""initial_potential"": -0.012, ""final_potential"": 0.012, ""step_height"": 0.0001, ""step_time"": 0.8, ""current_range"": ""20UA""}, {""op"": ""lpr"", ""initial_potential"": -0.012, ""final_potential"": 0.012, ""step_height"": 0.0001, ""step_time"": 0.8, ""current_range"": ""20UA""}, {""op"": ""lpr"", ""initial_potential"": -0.012, ""final_potential"": 0.012, ""step_height"": 0.0001, ""step_time"": 0.8, ""current_range"": ""20UA""}, {""op"": ""tafel"", ""initial_potential"": -0.25, ""final_potential"": 0.25, ""step_height"": 0.005, ""step_time"": 1, ""current_range"": ""200UA""}, {""op"": ""cv"", ""initial_potential"": -1.3, ""vertex_potential_1"": 0.0, ""vertex_potential_2"": -1.3, ""final_potential"": 0.0, ""scan_rate"": 0.075, ""cycles"": 2, ""current_range"": ""2MA""}]",30.0,-10.0,0.06144449234008789,0.037957649230957034,0.01062270736694336,False,1.25,"{'H2SO4': 1, 'K2SO4': 0}",90,3.11,3.34,3.1760273972602726,3.15,25.0,25.0,-0.6719935536384583,-0.6625163108110428,0.0018318743835278846,6131.584519124444,9022.336570940255,0.9789474627245216,0.0111875177218147,-0.6312098022455506,0.016705188288509476,-0.5892771412031997,0.0011812721044792696
14,15,corrosion,"[{""op"": ""set_flow"", ""pH"": 10, ""flow_rate"": 1.25, ""relative_rates"": {""KOH"": 1, ""K2SO4"": 0}, ""purge_time"": 90}, {""op"": ""open_circuit"", ""duration"": 1800, ""stabilization_range"": 0.002, ""stabilization_window"": 90, ""minimum_duration"": 300}, {""op"": ""lpr"", ""initial_potential"": -0.012, ""final_potential"": 0.012, ""step_height"": 0.0001, ""step_time"": 0.8, ""current_range"": ""20UA""}, {""op"": ""lpr"", ""initial_potential"": -0.012, ""final_potential"": 0.012, ""step_height"": 0.0001, ""step_time"": 0.8, ""current_range"": ""20UA""}, {""op"": ""lpr"", ""initial_potential"": -0.012, ""final_potential"": 0.012, ""step_height"": 0.0001, ""step_time"": 0.8, ""current_range"": ""20UA""}, {""op"": ""tafel"", ""initial_potential"": -0.25, ""final_potential"": 0.25, ""step_height"": 0.005, ""step_time"": 1, ""current_range"": ""200UA""}, {""op"": ""cv"", ""initial_potential"": -1.3, ""vertex_potential_1"": 0.0, ""vertex_potential_2"": -1.3, ""final_potential"": 0.0, ""scan_rate"": 0.075, ""cycles"": 2, ""current_range"": ""2MA""}]",-10.0,0.0,0.051443492889404294,0.07795769500732422,0.010482808113098145,False,1.25,"{'KOH': 1, 'K2SO4': 0}",90,11.17,11.24,11.215876685934456,11.22,25.0,25.0,-0.7483634352684021,-0.703400269150734,0.0031708786110855283,1563.5989250571033,271.41943577865925,0.9803345457742252,0.0148867038902748,-0.6995109179923538,0.02875096855344733,-0.7258027501767271,0.0007074051314601704
15,16,corrosion,"[{""op"": ""set_flow"", ""pH"": 10, ""flow_rate"": 1.25, ""relative_rates"": {""KOH"": 0.3, ""K2SO4"": 0.7}, ""purge_time"": 90}, {""op"": ""open_circuit"", ""duration"": 1800, ""stabilization_range"": 0.002, ""stabilization_window"": 90, ""minimum_duration"": 300}, {""op"": ""lpr"", ""initial_potential"": -0.012, ""final_potential"": 0.012, ""step_height"": 0.0001, ""step_time"": 0.8, ""current_range"": ""20UA""}, {""op"": ""lpr"", ""initial_potential"": -0.012, ""final_potential"": 0.012, ""step_height"": 0.0001, ""step_time"": 0.8, ""current_range"": ""20UA""}, {""op"": ""lpr"", ""initial_potential"": -0.012, ""final_potential"": 0.012, ""step_height"": 0.0001, ""step_time"": 0.8, ""current_range"": ""20UA""}, {""op"": ""tafel"", ""initial_potential"": -0.25, ""final_potential"": 0.25, ""step_height"": 0.005, ""step_time"": 1, ""current_range"": ""200UA""}, {""op"": ""cv"", ""initial_potential"": -1.3, ""vertex_potential_1"": 0.0, ""vertex_potential_2"": -1.3, ""final_potential"": 0.0, ""scan_rate"": 0.075, ""cycles"": 2, ""current_range"": ""2MA""}]",-10.0,-10.0,0.06144464111328125,0.07795738983154298,0.01048290729522705,False,1.25,"{'KOH': 0.3, 'K2SO4': 0.7}",90,10.7,10.82,10.747746478873275,10.76,25.0,25.0,-0.7636987566947937,-0.8259141087532044,0.00033413044053857873,13622.138570712295,1132.8918854324684,0.9831187704625299,0.006311829699328118,-0.8247340566757844,0.0011972193391115156,-0.8462696838661831,3.5978927452884335e-06
16,17,corrosion,"[{""op"": ""set_flow"", ""pH"": 10, ""flow_rate"": 1.25, ""relative_rates"": {""KOH"": 0.1, ""K2SO4"": 0.9}, ""purge_time"": 90}, {""op"": ""open_circuit"", ""duration"": 1800, ""stabilization_range"": 0.002, ""stabilization_window"": 90, ""minimum_duration"": 300}, {""op"": ""lpr"", ""initial_potential"": -0.012, ""final_potential"": 0.012, ""step_height"": 0.0001, ""step_time"": 0.8, ""current_range"": ""20UA""}, {""op"": ""lpr"", ""initial_potential"": -0.012, ""final_potential"": 0.012, ""step_height"": 0.0001, ""step_time"": 0.8, ""current_range"": ""20UA""}, {""op"": ""lpr"", ""initial_potential"": -0.012, ""final_potential"": 0.012, ""step_height"": 0.0001, ""step_time"": 0.8, ""current_range"": ""20UA""}, {""op"": ""tafel"", ""initial_potential"": -0.25, ""final_potential"": 0.25, ""step_height"": 0.005, ""step_time"": 1, ""current_range"": ""200UA""}, {""op"": ""cv"", ""initial_potential"": -1.3, ""vertex_potential_1"": 0.0, ""vertex_potential_2"": -1.3, ""final_potential"": 0.0, ""scan_rate"": 0.075, ""cycles"": 2, ""current_range"": ""2MA""}]",-10.0,-20.0,0.07144448852539062,0.0779577407836914,0.01048295783996582,False,1.25,"{'KOH': 0.1, 'K2SO4': 0.9}",90,10.13,10.11,10.077888446215114,10.08,25.0,25.0,-0.7928358316421509,-0.8324622988700867,0.0002743176750490324,8702.62004748345,380.37902380239245,0.9942011310836186,0.0016419032142456276,-0.8311885313299329,0.0010697070154262757,-0.8597041254000136,3.5754164036116975e-06
17,18,corrosion,"[{""op"": ""set_flow"", ""pH"": 10, ""flow_rate"": 1.25, ""relative_rates"": {""KOH"": 0.03, ""K2SO4"": 0.97}, ""purge_time"": 90}, {""op"": ""open_circuit"", ""duration"": 1800, ""stabilization_range"": 0.002, ""stabilization_window"": 90, ""minimum_duration"": 300}, {""op"": ""lpr"", ""initial_potential"": -0.012, ""final_potential"": 0.012, ""step_height"": 0.0001, ""step_time"": 0.8, ""current_range"": ""20UA""}, {""op"": ""lpr"", ""initial_potential"": -0.012, ""final_potential"": 0.012, ""step_height"": 0.0001, ""step_time"": 0.8, ""current_range"": ""20UA""}, {""op"": ""lpr"", ""initial_potential"": -0.012, ""final_potential"": 0.012, ""step_height"": 0.0001, ""step_time"": 0.8, ""current_range"": ""20UA""}, {""op"": ""tafel"", ""initial_potential"": -0.25, ""final_potential"": 0.25, ""step_height"": 0.005, ""step_time"": 1, ""current_range"": ""200UA""}, {""op"": ""cv"", ""initial_potential"": -1.3, ""vertex_potential_1"": 0.0, ""vertex_potential_2"": -1.3, ""final_potential"": 0.0, ""scan_rate"": 0.075, ""cycles"": 2, ""current_range"": ""2MA""}]",-10.0,-30.0,0.08144393920898438,0.07795719146728515,0.010782708168029785,False,1.25,"{'KOH': 0.03, 'K2SO4': 0.97}",90,7.49,6.48,6.368609022556411,6.42,25.0,25.0,-0.7897687554359436,-0.8094133138656616,0.0002720544652981093,,,,,,,-0.8615124994534615,2.3523686489834716e-06
18,19,corrosion,"[{""op"": ""set_flow"", ""pH"": 10, ""flow_rate"": 1.25, ""relative_rates"": {""KOH"": 0.01, ""K2SO4"": 0.99}, ""purge_time"": 90}, {""op"": ""open_circuit"", ""duration"": 1800, ""stabilization_range"": 0.002, ""stabilization_window"": 90, ""minimum_duration"": 300}, {""op"": ""lpr"", ""initial_potential"": -0.012, ""final_potential"": 0.012, ""step_height"": 0.0001, ""step_time"": 0.8, ""current_range"": ""20UA""}, {""op"": ""lpr"", ""initial_potential"": -0.012, ""final_potential"": 0.012, ""step_height"": 0.0001, ""step_time"": 0.8, ""current_range"": ""20UA""}, {""op"": ""lpr"", ""initial_potential"": -0.012, ""final_potential"": 0.012, ""step_height"": 0.0001, ""step_time"": 0.8, ""current_range"": ""20UA""}, {""op"": ""tafel"", ""initial_potential"": -0.25, ""final_potential"": 0.25, ""step_height"": 0.005, ""step_time"": 1, ""current_range"": ""200UA""}, {""op"": ""cv"", ""initial_potential"": -1.3, ""vertex_potential_1"": 0.0, ""vertex_potential_2"": -1.3, ""final_potential"": 0.0, ""scan_rate"": 0.075, ""cycles"": 2, ""current_range"": ""2MA""}]",-10.0,-40.0,0.09144444274902344,0.07795779418945313,0.010382357597351075,False,1.25,"{'KOH': 0.01, 'K2SO4': 0.99}",90,6.01,6.65,6.230958904109597,6.21,25.0,25.0,-0.7922224402427673,-0.7998594164848327,0.0003285311513350353,11719.058583053367,716.358373099537,0.9949476907940046,0.0015834033757574802,-0.8019124835521644,0.0022901278860022255,-0.835133489990053,1.8120645390862222e-06
19,20,corrosion,"[{""op"": ""set_flow"", ""pH"": 10, ""flow_rate"": 1.25, ""relative_rates"": {""KOH"": 0.003, ""K2SO4"": 0.997}, ""purge_time"": 90}, {""op"": ""open_circuit"", ""duration"": 1800, ""stabilization_range"": 0.002, ""stabilization_window"": 90, ""minimum_duration"": 300}, {""op"": ""lpr"", ""initial_potential"": -0.012, ""final_potential"": 0.012, ""step_height"": 0.0001, ""step_time"": 0.8, ""current_range"": ""20UA""}, {""op"": ""lpr"", ""initial_potential"": -0.012, ""final_potential"": 0.012, ""step_height"": 0.0001, ""step_time"": 0.8, ""current_range"": ""20UA""}, {""op"": ""lpr"", ""initial_potential"": -0.012, ""final_potential"": 0.012, ""step_height"": 0.0001, ""step_time"": 0.8, ""current_range"": ""20UA""}, {""op"": ""tafel"", ""initial_potential"": -0.25, ""final_potential"": 0.25, ""step_height"": 0.005, ""step_time"": 1, ""current_range"": ""200UA""}, {""op"": ""cv"", ""initial_potential"": -1.3, ""vertex_potential_1"": 0.0, ""vertex_potential_2"": -1.3, ""final_potential"": 0.0, ""scan_rate"": 0.075, ""cycles"": 2, ""current_range"": ""2MA""}]",-20.0,0.0,0.05144454574584961,0.08799699401855468,0.010382157325744629,False,1.25,"{'KOH': 0.003, 'K2SO4': 0.997}",90,6.06,7.47,6.450290456431546,6.44,25.0,25.0,-0.8014236092567444,-0.8151333957910538,0.0005367898190270907,7787.787889148196,198.32750277541274,0.9663238899167408,0.006392840023641518,-0.814897295158805,0.000947475157169177,-0.8320105375705068,6.606426913746688e-06
20,21,corrosion,"[{""op"": ""set_flow"", ""pH"": 10, ""flow_rate"": 1.25, ""relative_rates"": {""K2SO4"": 1.0}, ""purge_time"": 90}, {""op"": ""open_circuit"", ""duration"": 1800, ""stabilization_range"": 0.002, ""stabilization_window"": 90, ""minimum_duration"": 300}, {""op"": ""lpr"", ""initial_potential"": -0.012, ""final_potential"": 0.012, ""step_height"": 0.0001, ""step_time"": 0.8, ""current_range"": ""20UA""}, {""op"": ""lpr"", ""initial_potential"": -0.012, ""final_potential"": 0.012, ""step_height"": 0.0001, ""step_time"": 0.8, ""current_range"": ""20UA""}, {""op"": ""lpr"", ""initial_potential"": -0.012, ""final_potential"": 0.012, ""step_height"": 0.0001, ""step_time"": 0.8, ""current_range"": ""20UA""}, {""op"": ""tafel"", ""initial_potential"": -0.25, ""final_potential"": 0.25, ""step_height"": 0.005, ""step_time"": 1, ""current_range"": ""200UA""}, {""op"": ""cv"", ""initial_potential"": -1.3, ""vertex_potential_1"": 0.0, ""vertex_potential_2"": -1.3, ""final_potential"": 0.0, ""scan_rate"": 0.075, ""cycles"": 2, ""current_range"": ""2MA""}]",-20.0,-10.0,0.06144464111328125,0.0879605941772461,0.010382257461547851,False,1.25,{'K2SO4': 1.0},90,6.01,6.85,6.3017191977077225,6.32,25.0,25.0,-0.8130784630775452,-0.8204240590333939,0.000351466966593062,7029.5768091608015,475.0360301016922,0.9895888735535024,0.002184701043013189,-0.8204299803765774,0.0003919354699339157,-0.8448299114842881,5.6774671979287206e-06
21,22,corrosion,"[{""op"": ""set_flow"", ""pH"": 10, ""flow_rate"": 1.25, ""relative_rates"": {""H2SO4"": 0.003, ""K2SO4"": 0.997}, ""purge_time"": 90}, {""op"": ""open_circuit"", ""duration"": 1800, ""stabilization_range"": 0.002, ""stabilization_window"": 90, ""minimum_duration"": 300}, {""op"": ""lpr"", ""initial_potential"": -0.012, ""final_potential"": 0.012, ""step_height"": 0.0001, ""step_time"": 0.8, ""current_range"": ""20UA""}, {""op"": ""lpr"", ""initial_potential"": -0.012, ""final_potential"": 0.012, ""step_height"": 0.0001, ""step_time"": 0.8, ""current_range"": ""20UA""}, {""op"": ""lpr"", ""initial_potential"": -0.012, ""final_potential"": 0.012, ""step_height"": 0.0001, ""step_time"": 0.8, ""current_range"": ""20UA""}, {""op"": ""tafel"", ""initial_potential"": -0.25, ""final_potential"": 0.25, ""step_height"": 0.005, ""step_time"": 1, ""current_range"": ""200UA""}, {""op"": ""cv"", ""initial_potential"": -1.3, ""vertex_potential_1"": 0.0, ""vertex_potential_2"": -1.3, ""final_potential"": 0.0, ""scan_rate"": 0.075, ""cycles"": 2, ""current_range"": ""2MA""}]",-20.0,-20.0,0.07144464111328125,0.08795729064941406,0.010382257461547851,False,1.25,"{'H2SO4': 0.003, 'K2SO4': 0.997}",90,6.08,7.66,6.243958333333317,6.215,25.0,25.0,-0.8185991644859314,-0.8119589656591415,0.0004902752569849619,4987.556243592825,649.7741839273448,0.990680833333584,0.0026916075128099845,-0.81579249003762,0.002013934581534943,-0.845413631648694,5.4862192409022015e-06
22,23,corrosion,"[{""op"": ""set_flow"", ""pH"": 10, ""flow_rate"": 1.25, ""relative_rates"": {""H2SO4"": 0.01, ""K2SO4"": 0.99}, ""purge_time"": 90}, {""op"": ""open_circuit"", ""duration"": 1800, ""stabilization_range"": 0.002, ""stabilization_window"": 90, ""minimum_duration"": 300}, {""op"": ""lpr"", ""initial_potential"": -0.012, ""final_potential"": 0.012, ""step_height"": 0.0001, ""step_time"": 0.8, ""current_range"": ""20UA""}, {""op"": ""lpr"", ""initial_potential"": -0.012, ""final_potential"": 0.012, ""step_height"": 0.0001, ""step_time"": 0.8, ""current_range"": ""20UA""}, {""op"": ""lpr"", ""initial_potential"": -0.012, ""final_potential"": 0.012, ""step_height"": 0.0001, ""step_time"": 0.8, ""current_range"": ""20UA""}, {""op"": ""tafel"", ""initial_potential"": -0.25, ""final_potential"": 0.25, ""step_height"": 0.005, ""step_time"": 1, ""current_range"": ""200UA""}, {""op"": ""cv"", ""initial_potential"": -1.3, ""vertex_potential_1"": 0.0, ""vertex_potential_2"": -1.3, ""final_potential"": 0.0, ""scan_rate"": 0.075, ""cycles"": 2, ""current_range"": ""2MA""}]",-20.0,-30.0,0.081444091796875,0.08795199584960937,0.01038230800628662,False,1.25,"{'H2SO4': 0.01, 'K2SO4': 0.99}",90,6.09,7.78,6.270547945205476,6.2,25.0,25.0,-0.8440557718276978,-0.8396392226219177,0.00035042810156246527,6332.274723551495,1981.7309016373797,0.9716378942041439,0.006132158642233822,-0.8266684333784152,0.0038580844848630173,-0.8376504321968149,1.4351313438742963e-05
23,24,corrosion,"[{""op"": ""set_flow"", ""pH"": 10, ""flow_rate"": 1.25, ""relative_rates"": {""H2SO4"": 0.03, ""K2SO4"": 0.97}, ""purge_time"": 90}, {""op"": ""open_circuit"", ""duration"": 1800, ""stabilization_range"": 0.002, ""stabilization_window"": 90, ""minimum_duration"": 300}, {""op"": ""lpr"", ""initial_potential"": -0.012, ""final_potential"": 0.012, ""step_height"": 0.0001, ""step_time"": 0.8, ""current_range"": ""20UA""}, {""op"": ""lpr"", ""initial_potential"": -0.012, ""final_potential"": 0.012, ""step_height"": 0.0001, ""step_time"": 0.8, ""current_range"": ""20UA""}, {""op"": ""lpr"", ""initial_potential"": -0.012, ""final_potential"": 0.012, ""step_height"": 0.0001, ""step_time"": 0.8, ""current_range"": ""20UA""}, {""op"": ""tafel"", ""initial_potential"": -0.25, ""final_potential"": 0.25, ""step_height"": 0.005, ""step_time"": 1, ""current_range"": ""200UA""}, {""op"": ""cv"", ""initial_potential"": -1.3, ""vertex_potential_1"": 0.0, ""vertex_potential_2"": -1.3, ""final_potential"": 0.0, ""scan_rate"": 0.075, ""cycles"": 2, ""current_range"": ""2MA""}]",-20.0,-40.0,0.09144444274902344,0.08795699310302735,0.010766607284545898,False,1.25,"{'H2SO4': 0.03, 'K2SO4': 0.97}",90,4.9,5.23,4.9682648401826555,4.96,25.0,25.0,-0.7980498671531677,-0.806254243850708,0.0003281597069067657,7409.28113997012,994.3481415644746,0.9828980092540802,0.008127627327054913,-0.8048952035420793,0.000832617118366644,-0.8203664538285527,6.244359160634261e-06
24,25,corrosion,"[{""op"": ""set_flow"", ""pH"": 10, ""flow_rate"": 1.25, ""relative_rates"": {""H2SO4"": 0.1, ""K2SO4"": 0.9}, ""purge_time"": 90}, {""op"": ""open_circuit"", ""duration"": 1800, ""stabilization_range"": 0.002, ""stabilization_window"": 90, ""minimum_duration"": 300}, {""op"": ""lpr"", ""initial_potential"": -0.012, ""final_potential"": 0.012, ""step_height"": 0.0001, ""step_time"": 0.8, ""current_range"": ""20UA""}, {""op"": ""lpr"", ""initial_potential"": -0.012, ""final_potential"": 0.012, ""step_height"": 0.0001, ""step_time"": 0.8, ""current_range"": ""20UA""}, {""op"": ""lpr"", ""initial_potential"": -0.012, ""final_potential"": 0.012, ""step_height"": 0.0001, ""step_time"": 0.8, ""current_range"": ""20UA""}, {""op"": ""tafel"", ""initial_potential"": -0.25, ""final_potential"": 0.25, ""step_height"": 0.005, ""step_time"": 1, ""current_range"": ""200UA""}, {""op"": ""cv"", ""initial_potential"": -1.3, ""vertex_potential_1"": 0.0, ""vertex_potential_2"": -1.3, ""final_potential"": 0.0, ""scan_rate"": 0.075, ""cycles"": 2, ""current_range"": ""2MA""}]",-10.0,10.0,0.04144399642944336,0.0779574966430664,0.010396857261657715,False,1.25,"{'H2SO4': 0.1, 'K2SO4': 0.9}",90,4.32,4.74,4.531348747591511,4.53,25.0,25.0,-0.7342548966407776,-0.6830349624156952,0.0008617762504864863,2790.86732773169,129.18634593051337,0.9977153485090794,0.00042805870312575157,-0.6764248726170924,0.002909722042403341,-0.678499890803793,3.311556270912952e-05
25,26,corrosion,"[{""op"": ""set_flow"", ""pH"": 10, ""flow_rate"": 1.25, ""relative_rates"": {""H2SO4"": 0.3, ""K2SO4"": 0.7}, ""purge_time"": 90}, {""op"": ""open_circuit"", ""duration"": 1800, ""stabilization_range"": 0.002, ""stabilization_window"": 90, ""minimum_duration"": 300}, {""op"": ""lpr"", ""initial_potential"": -0.012, ""final_potential"": 0.012, ""step_height"": 0.0001, ""step_time"": 0.8, ""current_range"": ""20UA""}, {""op"": ""lpr"", ""initial_potential"": -0.012, ""final_potential"": 0.012, ""step_height"": 0.0001, ""step_time"": 0.8, ""current_range"": ""20UA""}, {""op"": ""lpr"", ""initial_potential"": -0.012, ""final_potential"": 0.012, ""step_height"": 0.0001, ""step_time"": 0.8, ""current_range"": ""20UA""}, {""op"": ""tafel"", ""initial_potential"": -0.25, ""final_potential"": 0.25, ""step_height"": 0.005, ""step_time"": 1, ""current_range"": ""200UA""}, {""op"": ""cv"", ""initial_potential"": -1.3, ""vertex_potential_1"": 0.0, ""vertex_potential_2"": -1.3, ""final_potential"": 0.0, ""scan_rate"": 0.075, ""cycles"": 2, ""current_range"": ""2MA""}]",-10.0,20.0,0.031444046020507814,0.07795724487304688,0.010197257995605469,False,1.25,"{'H2SO4': 0.3, 'K2SO4': 0.7}",90,3.63,3.91,3.883988439306377,3.9,25.0,25.0,-0.7351750135421753,-0.7132455408573151,0.001344286293931516,2934.101679898626,48.12926755697085,0.9988640454140244,0.00015577702745629875,-0.7099347305257618,0.0027264111570612865,-0.7057148269799233,0.00023967881922981604
26,27,corrosion,"[{""op"": ""set_flow"", ""pH"": 10, ""flow_rate"": 1.25, ""relative_rates"": {""H2SO4"": 1, ""K2SO4"": 0}, ""purge_time"": 90}, {""op"": ""open_circuit"", ""duration"": 1800, ""stabilization_range"": 0.002, ""stabilization_window"": 90, ""minimum_duration"": 300}, {""op"": ""lpr"", ""initial_potential"": -0.012, ""final_potential"": 0.012, ""step_height"": 0.0001, ""step_time"": 0.8, ""current_range"": ""20UA""}, {""op"": ""lpr"", ""initial_potential"": -0.012, ""final_potential"": 0.012, ""step_height"": 0.0001, ""step_time"": 0.8, ""current_range"": ""20UA""}, {""op"": ""lpr"", ""initial_potential"": -0.012, ""final_potential"": 0.012, ""step_height"": 0.0001, ""step_time"": 0.8, ""current_range"": ""20UA""}, {""op"": ""tafel"", ""initial_potential"": -0.25, ""final_potential"": 0.25, ""step_height"": 0.005, ""step_time"": 1, ""current_range"": ""200UA""}, {""op"": ""cv"", ""initial_potential"": -1.3, ""vertex_potential_1"": 0.0, ""vertex_potential_2"": -1.3, ""final_potential"": 0.0, ""scan_rate"": 0.075, ""cycles"": 2, ""current_range"": ""2MA""}]",-10.0,30.0,0.021444347381591795,0.07795819091796875,0.010196857452392578,False,1.25,"{'H2SO4': 1, 'K2SO4': 0}",90,3.1,3.29,3.2738728323699076,3.3,25.0,25.0,-0.7057312130928041,-0.5474400848150254,0.0041910741825509626,1993.8755643114757,72.83006245430511,0.9952525662902229,0.0023593815931155504,-0.5224831883463084,0.006405058945507303,-0.5539685386218466,0.0006589700462371617
27,28,corrosion,"[{""op"": ""set_flow"", ""pH"": 10, ""flow_rate"": 1.25, ""relative_rates"": {""KOH"": 0.3, ""K2SO4"": 0.7}, ""purge_time"": 90}, {""op"": ""open_circuit"", ""duration"": 1800, ""stabilization_range"": 0.002, ""stabilization_window"": 90, ""minimum_duration"": 300}, {""op"": ""lpr"", ""initial_potential"": -0.012, ""final_potential"": 0.012, ""step_height"": 0.0001, ""step_time"": 0.8, ""current_range"": ""20UA""}, {""op"": ""lpr"", ""initial_potential"": -0.012, ""final_potential"": 0.012, ""step_height"": 0.0001, ""step_time"": 0.8, ""current_range"": ""20UA""}, {""op"": ""lpr"", ""initial_potential"": -0.012, ""final_potential"": 0.012, ""step_height"": 0.0001, ""step_time"": 0.8, ""current_range"": ""20UA""}, {""op"": ""tafel"", ""initial_potential"": -0.25, ""final_potential"": 0.25, ""step_height"": 0.005, ""step_time"": 1, ""current_range"": ""200UA""}, {""op"": ""cv"", ""initial_potential"": -1.3, ""vertex_potential_1"": 0.0, ""vertex_potential_2"": -1.3, ""final_potential"": 0.0, ""scan_rate"": 0.075, ""cycles"": 2, ""current_range"": ""2MA""}]",-10.0,40.0,0.011444095611572266,0.07795714569091797,0.010196807861328126,False,1.25,"{'KOH': 0.3, 'K2SO4': 0.7}",90,11.16,11.1,11.066878612716852,11.06,25.0,25.0,-0.6664727926254272,-0.5962524026632309,0.0033025461290723873,9965.092903041816,5192.911754001967,0.9791004039580645,0.010089786914456654,-0.6260017806217164,0.015082696473824896,-0.6279919348000755,8.121042690323321e-06
28,29,corrosion,"[{""op"": ""set_flow"", ""pH"": 10, ""flow_rate"": 1.25, ""relative_rates"": {""KOH"": 0.1, ""K2SO4"": 0.9}, ""purge_time"": 90}, {""op"": ""open_circuit"", ""duration"": 1800, ""stabilization_range"": 0.002, ""stabilization_window"": 90, ""minimum_duration"": 300}, {""op"": ""lpr"", ""initial_potential"": -0.012, ""final_potential"": 0.012, ""step_height"": 0.0001, ""step_time"": 0.8, ""current_range"": ""20UA""}, {""op"": ""lpr"", ""initial_potential"": -0.012, ""final_potential"": 0.012, ""step_height"": 0.0001, ""step_time"": 0.8, ""current_range"": ""20UA""}, {""op"": ""lpr"", ""initial_potential"": -0.012, ""final_potential"": 0.012, ""step_height"": 0.0001, ""step_time"": 0.8, ""current_range"": ""20UA""}, {""op"": ""tafel"", ""initial_potential"": -0.25, ""final_potential"": 0.25, ""step_height"": 0.005, ""step_time"": 1, ""current_range"": ""200UA""}, {""op"": ""cv"", ""initial_potential"": -1.3, ""vertex_potential_1"": 0.0, ""vertex_potential_2"": -1.3, ""final_potential"": 0.0, ""scan_rate"": 0.075, ""cycles"": 2, ""current_range"": ""2MA""}]",-20.0,10.0,0.04144479751586914,0.08795629119873047,0.0101972074508667,False,1.25,"{'KOH': 0.1, 'K2SO4': 0.9}",90,10.84,10.61,10.831198347107424,10.84,25.0,25.0,-0.6312015652656555,-0.6768548488616943,0.00026839105607503853,5803.177214441496,342.63022100455754,0.9947661184050283,0.0011070609317874141,-0.6768812971380999,0.00047765386239689465,-0.7273878473623367,2.4128256477240484e-06
29,30,corrosion,"[{""op"": ""set_flow"", ""pH"": 10, ""flow_rate"": 1.25, ""relative_rates"": {""KOH"": 1, ""K2SO4"": 0}, ""purge_time"": 90}, {""op"": ""open_circuit"", ""duration"": 1800, ""stabilization_range"": 0.002, ""stabilization_window"": 90, ""minimum_duration"": 300}, {""op"": ""lpr"", ""initial_potential"": -0.012, ""final_potential"": 0.012, ""step_height"": 0.0001, ""step_time"": 0.8, ""current_range"": ""20UA""}, {""op"": ""lpr"", ""initial_potential"": -0.012, ""final_potential"": 0.012, ""step_height"": 0.0001, ""step_time"": 0.8, ""current_range"": ""20UA""}, {""op"": ""lpr"", ""initial_potential"": -0.012, ""final_potential"": 0.012, ""step_height"": 0.0001, ""step_time"": 0.8, ""current_range"": ""20UA""}, {""op"": ""tafel"", ""initial_potential"": -0.25, ""final_potential"": 0.25, ""step_height"": 0.005, ""step_time"": 1, ""current_range"": ""200UA""}, {""op"": ""cv"", ""initial_potential"": -1.3, ""vertex_potential_1"": 0.0, ""vertex_potential_2"": -1.3, ""final_potential"": 0.0, ""scan_rate"": 0.075, ""cycles"": 2, ""current_range"": ""2MA""}]",-20.0,20.0,0.03144409561157226,0.08795759582519531,0.010508458137512207,False,1.25,"{'KOH': 1, 'K2SO4': 0}",90,11.67,11.74,11.696473988439209,11.7,25.0,25.0,-0.5008513927459717,-0.450674244761467,0.0002706884516877726,37407.26291305458,2035.4864025108054,0.9963788295134317,0.0008190155650460038,-0.4554757853364426,0.0038241436504041805,-0.42161155728058974,8.077486509217024e-06
30,31,corrosion,"[{""op"": ""set_flow"", ""pH"": 10, ""flow_rate"": 1.25, ""relative_rates"": {""KOH"": 0.01, ""K2SO4"": 0.99}, ""purge_time"": 90}, {""op"": ""open_circuit"", ""duration"": 1800, ""stabilization_range"": 0.002, ""stabilization_window"": 90, ""minimum_duration"": 300}, {""op"": ""lpr"", ""initial_potential"": -0.012, ""final_potential"": 0.012, ""step_height"": 0.0001, ""step_time"": 0.8, ""current_range"": ""20UA""}, {""op"": ""lpr"", ""initial_potential"": -0.012, ""final_potential"": 0.012, ""step_height"": 0.0001, ""step_time"": 0.8, ""current_range"": ""20UA""}, {""op"": ""lpr"", ""initial_potential"": -0.012, ""final_potential"": 0.012, ""step_height"": 0.0001, ""step_time"": 0.8, ""current_range"": ""20UA""}, {""op"": ""tafel"", ""initial_potential"": -0.25, ""final_potential"": 0.25, ""step_height"": 0.005, ""step_time"": 1, ""current_range"": ""200UA""}, {""op"": ""cv"", ""initial_potential"": -1.3, ""vertex_potential_1"": 0.0, ""vertex_potential_2"": -1.3, ""final_potential"": 0.0, ""scan_rate"": 0.075, ""cycles"": 2, ""current_range"": ""2MA""}]",-20.0,30.0,0.021444644927978516,0.08795734405517579,0.01031905746459961,False,1.25,"{'KOH': 0.01, 'K2SO4': 0.99}",90,9.2,9.92,10.1311368015414,10.14,25.0,25.0,-0.5376561880111694,-0.6979102224111557,0.0006093646727836987,14953.322313691648,333.67405558920757,0.9574656713490928,0.004491252648886308,-0.697232639327172,0.0005202156479298312,-0.7373861070051878,1.1694891659530526e-06
31,32,corrosion,"[{""op"": ""set_flow"", ""pH"": 10, ""flow_rate"": 1.25, ""relative_rates"": {""KOH"": 0.003, ""K2SO4"": 0.997}, ""purge_time"": 90}, {""op"": ""open_circuit"", ""duration"": 1800, ""stabilization_range"": 0.002, ""stabilization_window"": 90, ""minimum_duration"": 300}, {""op"": ""lpr"", ""initial_potential"": -0.012, ""final_potential"": 0.012, ""step_height"": 0.0001, ""step_time"": 0.8, ""current_range"": ""20UA""}, {""op"": ""lpr"", ""initial_potential"": -0.012, ""final_potential"": 0.012, ""step_height"": 0.0001, ""step_time"": 0.8, ""current_range"": ""20UA""}, {""op"": ""lpr"", ""initial_potential"": -0.012, ""final_potential"": 0.012, ""step_height"": 0.0001, ""step_time"": 0.8, ""current_range"": ""20UA""}, {""op"": ""tafel"", ""initial_potential"": -0.25, ""final_potential"": 0.25, ""step_height"": 0.005, ""step_time"": 1, ""current_range"": ""200UA""}, {""op"": ""cv"", ""initial_potential"": -1.3, ""vertex_potential_1"": 0.0, ""vertex_potential_2"": -1.3, ""final_potential"": 0.0, ""scan_rate"": 0.075, ""cycles"": 2, ""current_range"": ""2MA""}]",-20.0,40.0,0.011443946838378906,0.0879575424194336,0.010319208145141602,False,1.25,"{'KOH': 0.003, 'K2SO4': 0.997}",90,7.31,8.5,8.276621004566216,8.29,25.0,25.0,-0.6925428509712219,-0.7105618685483932,0.00027923627483225784,13480.412003835363,3896.8994461520015,0.9904515289590899,0.0053904626322659865,-0.7045506789310892,0.0015297594474000576,-0.7323078461865632,1.8157049477274256e-06
